,Links,Title
0,http://recel-blog.com/kirmizi-baslikli-madame/,Kırmızı Başlıklı Madame
1,http://recel-blog.com/koyu-sevenler-el-kaldirsin/,Köyü Sevenler El Kaldırsın
2,http://recel-blog.com/digerlerine-adim-atmak/,Diğerlerine Adım Atmak
3,http://recel-blog.com/devredilen-annelik/,Devredilen Annelik
4,http://recel-blog.com/guclu-olmaya-neden-ihtiyacimiz-var/,Güçlü Olmaya Neden İhtiyacımız Var?
5,http://recel-blog.com/mucadeleyi-ileri-donusturmek/,Mücadeleyi İleri Dönüştürmek
6,http://recel-blog.com/ramazandan-kalma-bir-hikaye-adamlar-ac-mi-kaldi/,Ramazan’dan Kalma Bir Hikâye: Adamlar Aç mı Kaldı?
7,http://recel-blog.com/gercek-istanbul-bu-degil/,“Gerçek İstanbul Bu Değil!”
8,http://recel-blog.com/patriyarkanin-psini-ogrenirken/,Patriyarka’nın P’sini Öğrenirken
9,http://recel-blog.com/kotuyu-kabul-mucadeleye-yakit/,Kötüyü Kabul Mücadeleye Yakıt
10,http://recel-blog.com/anneligin-yukunu-attik-omuzlarimizdan/,Anneliğin Yükünü Attık Omuzlarımızdan
11,http://recel-blog.com/mutlu-bir-final-sana-soz/,MUTLU BİR FİNAL: SANA SÖZ
12,http://recel-blog.com/altina-ovgu/,Altına Övgü
13,http://recel-blog.com/gitmelerine-nasip-mucadeleye-kismet/,"Gitmelerine Nasip, Mücadeleye Kısmet"
14,http://recel-blog.com/kiz-kardeslik-helvasi/,Kız Kardeşlik Helvası
15,http://recel-blog.com/kiz-kardeslik-helvasi-duyuru/,Kız Kardeşlik Helvası (Duyuru)
16,http://recel-blog.com/kizlarini-diri-diri-gomenler-ve-annem/,Kızlarını Diri Diri Gömenler ve Annem
17,http://recel-blog.com/anneleri-temizlemek/,Anneleri Temizlemek
18,http://recel-blog.com/evdeki-melegi-oldurmek/,Evdeki Meleği Öldürmek
19,http://recel-blog.com/babalar-alnimiza-yazilmis-yanlizliklardir/,Babalar Alnımıza Yazılmış Yanlızlıklardır
20,http://recel-blog.com/gorunmeyen-emek-ogrenci-velisi-olarak-anne/,Görünmeyen Emek: Öğrenci Velisi Olarak Anne
21,http://recel-blog.com/kanama-sikintisi/,Kanama Sıkıntısı
22,http://recel-blog.com/esitsizligin-adaleti/,Eşitsizliğin Adaleti
23,http://recel-blog.com/mahsa-zhina-amininin-ardindan/,Mahsa Zhina Amini’nin Ardından
24,http://recel-blog.com/adnan-bey-matmazelle-neden-evlenmedi/,Adnan Bey Matmazel ile Neden Evlenmedi?
25,http://recel-blog.com/kadin-eli/,Kadın Eli
26,http://recel-blog.com/we-are-lady-parts-hepimizden-bir-parca/,"We Are Lady Parts, Hepimizden Bir Parça"
27,http://recel-blog.com/bir-yuksek-okce-olarak-basortme-stilin/,Bir “Yüksek Ökçe” Olarak Başörtme Stilin
28,http://recel-blog.com/butun-kadinlar-ozgurdur-ama-bazi-kadinlar-daha-ozgur/,Bütün Kadınlar Özgürdür ama Bazı Kadınlar Daha Özgür!
29,http://recel-blog.com/hadi-konusalim/,Hadi Konuşalım!
30,http://recel-blog.com/bezelyeden-bile-huzursuzlanan-prenses/,Bezelyeden Bile Huzursuzlanan Prenses
31,http://recel-blog.com/ev-uzerine/,Ev Üzerine
32,http://recel-blog.com/havuza-girmek-mi-hali-yikamak-mi/,"Havuza Girmek mi, Halı Yıkamak mı?"
33,http://recel-blog.com/anneler-gunu-de-kutlu-olsun-be/,Anneler Günü de Kutlu Olsun Be!
34,http://recel-blog.com/ne-cok-yol-aldik/,Ne Çok Yol Aldık
35,http://recel-blog.com/kadinligim-benimle-misin/,"Kadınlığım, Benimle misin?"
36,http://recel-blog.com/bu-filmin-kotu-kadini-benim/,Bu Filmin Kötü Kadını Benim
37,http://recel-blog.com/bugun-artik-reglken-oruc-tutmasam-mi-biraz-fazla-kasmisim/,"Bugün Artık Reglken Oruç Tutmasam mı, Biraz Fazla Kasmışım?"
38,http://recel-blog.com/iftar-bulusmasi/,İftar Buluşması
39,http://recel-blog.com/kadin-kayirmaciligi-nedir/,Kadın Kayırmacılığı Nedir?
40,http://recel-blog.com/yetiskin-bir-kadin-oldugumun-unutulmasi/,Yetişkin Bir Kadın Olduğumun Unutulması
41,http://recel-blog.com/camileri-rahat-birakin/,Camileri Rahat Bırakın
42,http://recel-blog.com/harlemin-kadinlari/,Harlem’in Kadınları
43,http://recel-blog.com/kisisel-tarihimize-bir-not/,Kişisel Tarihim(iz)e Bir Not
44,http://recel-blog.com/ne-kadar-politigim/,Ne Kadar Politiğim
45,http://recel-blog.com/bir-avazda-hamilelikler-ritueller-ve-kimlikler/,"Bir Avazda: Hamilelikler, Ritüeller ve Kimlikler"
46,http://recel-blog.com/grace-frankie-ve-neden-evleniyoruz/,Grace & Frankie ve Neden Evleniyoruz?
47,http://recel-blog.com/mesaj/,Mesaj!
48,http://recel-blog.com/eksiklik-olmadigini-bildigim-eksiklik/,Eksiklik Olmadığını Bildiğim “Eksiklik”
49,http://recel-blog.com/basortusuz-olunca-kadinlar-daha-az-musluman-olmuyor/,“Başörtüsüz Olunca Kadınlar Daha Az Müslüman Olmuyor”
50,http://recel-blog.com/afganistan-halki-ile-dayanisma-ve-aksiyon-cagrisi/,Afganistan Halkı İle Dayanışma ve Aksiyon Çağrısı
51,http://recel-blog.com/icinde-yasadigimiz-distopyadan-cikis/,İçinde Yaşadığımız Distopyadan Çıkış?
52,http://recel-blog.com/kendini-aciklamak-ve-beyaz-bayraklar/,Kendini Açıklamak ve Beyaz Bayraklar
53,http://recel-blog.com/senin-anneannen-de-kafein-ve-abur-cubur-severdi/,Senin Anneannen de Kafein ve Abur Cubur Severdi
54,http://recel-blog.com/soyle-de-boyle-sak-sak-sak/,Şöyle de Böyle Şak Şak Şak
55,http://recel-blog.com/kanadadan-nisantasina-uzanan-nefret-iklimi/,Kanada’dan Nişantaşı’na Uzanan Nefret İklimi
56,http://recel-blog.com/annelerin-tarif-defterleri-knin-sesi-podcasti/,Annelerin Tarif Defterleri: K’nın Sesi Podcasti
57,http://recel-blog.com/istanbul-sozlesmesinden-sonra-ne-oldu/,İstanbul Sözleşmesi’nden Sonra Ne Oldu?
58,http://recel-blog.com/oturmaya-mi-geldik/,Oturmaya mı Geldik?
59,http://recel-blog.com/multeci-bir-kadinin-hikayesi/,Mülteci Bir Kadının Hikâyesi
60,http://recel-blog.com/var-olma-nin-burokrasisi/,Var Olma/nın Bürokrasisi
61,http://recel-blog.com/erkek-basini-acarsa/,Erkek Başını Açarsa
62,http://recel-blog.com/basortuden-basortusuzluge-giden-bir-yol-varmis-gibi/,Başörtüden Başörtüsüzlüğe Giden Bir Yol Varmış Gibi…
63,http://recel-blog.com/varolus-savasi/,Varoluş Savaşı
64,http://recel-blog.com/anneannem-annem-ben-biz-hepimiz/,"Anneannem, annem, ben, biz, hepimiz"
65,http://recel-blog.com/gurur-yapma-gizlenme-cekinme-yardim-iste/,"Gurur yapma, gizlenme, çekinme, yardım iste."
66,http://recel-blog.com/ya-hz-aise-de-olmasaydi/,Ya Hz. Aişe de Olmasaydı?
67,http://recel-blog.com/bir-mendilin-hikayesi/,Bir Mendilin Hikâyesi
68,http://recel-blog.com/musluman-kadinlar-feministlerin-nesi-olur/,Müslüman Kadınlar Feministlerin Nesi Olur?
69,http://recel-blog.com/yap-a-bildim/,YAP-A-BİLDİM
70,http://recel-blog.com/her-arayan-bulamaz-ama-bulanlar-arayanlardir-arama-ve-bulma-faaliyetinin-arka-plani/,“Her arayan bulamaz ama bulanlar arayanlardır.” Arama ve Bulma Faaliyetinin Arka Planı
71,http://recel-blog.com/deryaya-mektup/,Derya’ya mektup
72,http://recel-blog.com/dogdugum-ev-midir-kaderim/,Doğduğum Ev Midir Kaderim?
73,http://recel-blog.com/asla-yalniz-yurumeyeceksin/,Asla Yalnız Yürümeyeceksin
74,http://recel-blog.com/erkeklik-insanlik-ve-kulluk/,"Erkeklik, İnsanlık ve Kulluk"
75,http://recel-blog.com/ya-tanri-erkekse/,“Ya Tanrı Erkekse?!”
76,http://recel-blog.com/tacizi-kime-sikayet-edelim/,Tacizi Kime Şikayet Edelim
77,http://recel-blog.com/yapamazsin-dediklerinde/,“Yapamazsın” Dediklerinde
78,http://recel-blog.com/babalariyla-evlenmesi-gereken-erkek-cocuklari/,Babalarıyla Evlenmesi Gereken Erkek Çocukları
79,http://recel-blog.com/maimouna-guerresi-eserlerinde-kadin-figuru/,Maimouna Guerresi Eserlerinde Kadın Figürü
80,http://recel-blog.com/hicbir-baski-altinda-kalmadan-kendi-rizamla/,"Hiçbir Baskı Altında Kalmadan, Kendi Rızamla"
81,http://recel-blog.com/mulksuzler/,Mülksüzler
82,http://recel-blog.com/biz-variz-is-hayatinda/,Biz varız -iş hayatında-
83,http://recel-blog.com/kurbaga-prenses-ve-polikistik-over/,Kurbağa Prenses ve Polikistik Over
84,http://recel-blog.com/basortum-ve-ben/,Başörtüm ve Ben
85,http://recel-blog.com/meena-ve-istanbul-sozlesmesi/,Meena ve İstanbul Sözleşmesi
86,http://recel-blog.com/bir-dayanisma-cagrisi-iste-bu-bizim-hikayemiz/,Bir dayanışma çağrısı: İşte bu bizim hikayemiz!
87,http://recel-blog.com/icimdeki-seslerden-bosanmak/,İçimdeki Seslerden Boşanmak
88,http://recel-blog.com/suriyeli-olma-ihtimaliniz-yok-diyorum/,“Suriyeli Olma İhtimaliniz Yok Diyorum”
89,http://recel-blog.com/bitmis-bir-askin-hikayesi/,Bitmiş Bir Aşkın Hikâyesi
90,http://recel-blog.com/meryemin-cesaretinin-dusundurdukleri/,Meryem’in Cesaretinin Düşündürdükleri
91,http://recel-blog.com/kadin-cinayetleri-politik-midir/,Kadın Cinayetleri Politik Midir?
92,http://recel-blog.com/kadinlarin-katli-siradan-midir/,Kadınların Katli Sıradan Mıdır?
93,http://recel-blog.com/islam-ve-feminizm-kavustugunda-3/,İslam ve Feminizm Kavuştuğunda – 3
94,http://recel-blog.com/kocama-sen-kedi-degilsin-dedim/,Kocama Sen Kedi Değilsin Dedim!
95,http://recel-blog.com/kalbimle-bir-konusmam-oldu/,Kalbimle Bir Konuşmam Oldu
96,http://recel-blog.com/musawahtan-mesaj-var-makul-ve-esitlikci-bir-aile-hukuku-mumkundur/,Musawah’tan mesaj var: “Makul ve eşitlikçi bir aile hukuku mümkündür”
97,http://recel-blog.com/islam-ve-feminizm-kavustugunda-2/,İslam ve Feminizm Kavuştuğunda -2
98,http://recel-blog.com/islam-ve-feminizm-kavustugunda-1/,İslam ve Feminizm Kavuştuğunda -1
99,http://recel-blog.com/savrulabilirim-ben-yeryuzu-harmani/,"Savrulabilirim, Ben Yeryüzü Harmanı"
100,http://recel-blog.com/hangi-karadelik/,Hangi Kara Delik?
101,http://recel-blog.com/eski-kocanin-korona-oldugunu-duymak/,Eski Kocanın Korona Olduğunu Duymak
102,http://recel-blog.com/evde-kalalim-ama-hayat-eve-sigmasin/,Evde Kalalım ama Hayat Eve Sığmasın
103,http://recel-blog.com/karantina-evinin-penceresinden-islami-feminizme-bakmak/,Karantina Evinin Penceresinden İslami Feminizme Bakmak
104,http://recel-blog.com/baska-bir-yer/,Başka Bir Yer
105,http://recel-blog.com/tacizin-adini-koymak/,Tacizin Adını Koymak
106,http://recel-blog.com/kendi-hikayelerini-anlatan-kadinlar-zarqa-nawaz/,Kendi Hikayelerini Anlatan Kadınlar: Zarqa Nawaz
107,http://recel-blog.com/iki-firtina-tuttu-bizi/,İki Fırtına Tuttu Bizi…
108,http://recel-blog.com/cengelli-igne/,Çengelli İğne
109,http://recel-blog.com/aileyi-ayakta-tutmak-ne-anlama-geliyor/,Aileyi Ayakta Tutmak Ne Anlama Geliyor?
110,http://recel-blog.com/cicim-ama-biz-oyle-konusmamistik/,Cicim Ama Biz Öyle Konuşmamıştık
111,http://recel-blog.com/sessizlik-zincirini-kirmak-mumkun-mu/,Sessizlik Zincirini Kırmak Mümkün Mü?
112,http://recel-blog.com/mutaassip-mahallenin-acik-kizi/,Mutaassıp Mahallenin Açık Kızı
113,http://recel-blog.com/herhangi-bir-sey-soylemek-zorunda-miyiz/,Herhangi Bir Şey Söylemek Zorunda Mıyız?
114,http://recel-blog.com/kotuluk-yapan-cocuklar-ve-allah/,Kötülük Yapan Çocuklar ve Allah
115,http://recel-blog.com/evet-ben-bir-skolyozlu-kadinim/,"Evet, Ben Bir Skolyozlu Kadınım!"
116,http://recel-blog.com/kadinlar-ve-sigaralari/,Kadınlar ve Sigaraları
117,http://recel-blog.com/kume-bos-mu/,Küme Boş Mu?
118,http://recel-blog.com/indirilme-sirasina-gore-yuce-kuran-i-kerim-ve-meali/,İndirilme Sırasına Göre Yüce Kur’an-ı Kerim ve Meali
119,http://recel-blog.com/kadin-olmak/,Kadın Olmak
120,http://recel-blog.com/istanbul-sozlesmesi-vs-curumus-aile-kurumunun-yilmaz-savunuculari/,İstanbul Sözleşmesi Vs. Çürümüş Aile Kurumunun Yılmaz Savunucuları
121,http://recel-blog.com/kadin-cinayetlerinin-sorumlusu-diziler-midir/,Kadın Cinayetlerinin Sorumlusu Diziler midir?
122,http://recel-blog.com/damizlik-kizin-kizi-yahut-esitsiz-bir-dunyada-kiz-cocuklari-kime-emanet/,"Damızlık Kızın Kızı, yahut Eşitsiz bir Dünyada Kız Çocukları Kime Emanet?"
123,http://recel-blog.com/bir-ulke-coklu-gerceklikler/,"Bir Ülke, Çoklu Gerçeklikler"
124,http://recel-blog.com/nafaka-tartismalari-ve-fikhi-yeniden-dusunmek/,Nafaka Tartışmaları ve Fıkhı Yeniden Düşünmek
125,http://recel-blog.com/eski-kocami-afiyetle-yedim/,Eski Kocamı Afiyetle Yedim!
126,http://recel-blog.com/nafaka-sorgusuz-ve-sualsiz-bir-haktir/,Nafaka Sorgusuz ve Sualsiz Bir Haktır!
127,http://recel-blog.com/inananlarin-erkek-kardesligine-reddiye/,İnananların Erkek Kardeşliğine Reddiye
128,http://recel-blog.com/cevrimici-ev-kadini/,Çevrimiçi Ev Kadını
129,http://recel-blog.com/havle-atolyeleri-kadin-beden-ve-cinsellik/,"Havle Atölyeleri: Kadın, Beden ve Cinsellik"
130,http://recel-blog.com/basortulu-terapist-olamazsin/,“Başörtülü Terapist Olamazsın”
131,http://recel-blog.com/la-havle-demeye-geldik/,La Havle Demeye Geldik!
132,http://recel-blog.com/bagimsiz-kadin-orgutuysen-gor-basina-neler-gelir/,"Bağımsız Kadın Örgütüysen Gör, Başına Neler Gelir?"
133,http://recel-blog.com/aileyi-korumanin-bedeli-ve-8-mart/,Aileyi Korumanın Bedeli ve 8 Mart
134,http://recel-blog.com/soysuzlugun-pesinde/,Soysuzluğun Peşinde
135,http://recel-blog.com/gecis-donemi-evlilikleri-uzerine-gozlem/,Geçiş Dönemi Evlilikleri  Üzerine Gözlem
136,http://recel-blog.com/secde-etmek-veya-hayvan-kalmak/,Secde Etmek veya Hayvan Kalmak
137,http://recel-blog.com/soyadi-meselesi/,Soyadı Meselesi
138,http://recel-blog.com/all-rights-reserved/,All Rights Reserved
139,http://recel-blog.com/fil-kudreti/,Fil Kudreti
140,http://recel-blog.com/size-sule-cet-adina-savunma-yapmayacagiz/,Size Şule Çet Adına Savunma Yapmayacağız!
141,http://recel-blog.com/baglar-kadin-semt-pazari-bize-ne-anlatiyor/,Bağlar Kadın Semt Pazarı Bize Ne Anlatıyor?
142,http://recel-blog.com/kicim-mi-onemli-basim-mi/,Kıçım Mı Önemli Başım Mı?
143,http://recel-blog.com/the-basortusu/,The Başörtüsü
144,http://recel-blog.com/yalniz-yuruduk-nokta-com/,Yalnız Yürüdük Nokta Com
145,http://recel-blog.com/2008den-2019a-suren-cok-bilinmeyenli-denklem/,2008’den 2019’a Süren Çok Bilinmeyenli Denklem…
146,http://recel-blog.com/ben-o-bildiginiz-kizlardan-degilim/,“Ben O Bildiğiniz Kızlardan Değilim”
147,http://recel-blog.com/kiminle-hasrolacagim-ben-sevgili-kardesim/,Kiminle Haşrolacağım Ben Sevgili Kardeşim?
148,http://recel-blog.com/merhumun-notlari/,Merhumun Notları
149,http://recel-blog.com/ayni-sofraya-oturmak-ve-bir-zerfet-yemegi/,Aynı Sofraya Oturmak ve Bir Zerfet Yemeği
150,http://recel-blog.com/hazir-miyiz/,Hazır mıyız?
151,http://recel-blog.com/unutma-iyiliginizi-dusunmuyor-kader-ortagi-ariyorlar/,"Unutma! İyiliğinizi Düşünmüyor, Kader Ortağı Arıyorlar!"
152,http://recel-blog.com/munasebetsiz-gelenler/,Münasebetsiz Gelenler
153,http://recel-blog.com/kutsal-metinlerin-izinde-bir-analiz-kadina-yonelik-siddet-ve-ayrimcilik/,Kutsal Metinlerin İzinde bir Analiz: Kadına Yönelik Şiddet ve Ayrımcılık
154,http://recel-blog.com/bu-yabancilik-hissi-yeni-mi-yoksa-hep-benimle-miydi/,Bu Yabancılık Hissi Yeni Mi Yoksa Hep Benimle Miydi?
155,http://recel-blog.com/kadinin-beyani-esastir/,Kadının Beyanı Esastır
156,http://recel-blog.com/kadinlarin-sahitligi/,Kadınların Şahitliği
157,http://recel-blog.com/ucuncu-misafir-profili/,Üçüncü Misafir Profili
158,http://recel-blog.com/apartman-cocugu-olmak-kader-degil/,“Apartman Çocuğu” Olmak Kader Değil
159,http://recel-blog.com/bir-dakika-gulizar-o-ask-degil-cinsel-siddet/,"Bir Dakika Gülizar, O Aşk Değil Cinsel Şiddet!"
160,http://recel-blog.com/cinsellikle-olan-ikircikli-bagimiz/,Cinsellikle Olan İkircikli Bağımız
161,http://recel-blog.com/incire-zeytine-ve-muzike/,"İncire, Zeytine ve Müzik’e…"
162,http://recel-blog.com/isyanim-cift-kanatli-kuslara/,İsyanım  Çift  Kanatlı  Kuşlara
163,http://recel-blog.com/camilerde-kadinlarin-bir-senesi-nasil-gecti/,Camilerde Kadınların Bir Senesi Nasıl Geçti?
164,http://recel-blog.com/ar-tokati/,Ar Tokatı
165,http://recel-blog.com/ben-mutlu-olsam-gider-miydim/,Ben Mutlu Olsam Gider Miydim?
166,http://recel-blog.com/ben-hep-bu-yazili-olmayan-kanunlarinizdan-incindim-ey-halkim-3/,Ben Hep Bu Yazılı Olmayan Kanunlarınızdan İncindim Ey Halkım – 3
167,http://recel-blog.com/cografya-kader-midir/,Coğrafya Kader Midir?
168,http://recel-blog.com/28-subat-davasi-190-klasorden-2-sayfaya-dair/,28 Şubat Davası 190. Klasörden 2. Sayfaya Dair
169,http://recel-blog.com/ben-terazi-kariyerim-ve-planlayamadiklarim/,Ben Terazi: Kariyerim ve Planlayamadıklarım!
170,http://recel-blog.com/yanacakmisim/,Yanacakmışım
171,http://recel-blog.com/recel-4-yasinda/,Reçel 4 Yaşında!
172,http://recel-blog.com/tanrilarla-restlestik/,Tanrılarla Restleştik
173,http://recel-blog.com/dul-kadinin-kizi-olmak/,“Dul Kadının Kızı” Olmak!
174,http://recel-blog.com/bedenimle-barismadan-ofkemi-yenemezdim/,Bedenimle Barışmadan Öfkemi Yenemezdim
175,http://recel-blog.com/koca-kaprisi/,Koca Kaprisi
176,http://recel-blog.com/tacize-karsi-ortaliga-dokulunur-mu/,Tacize Karşı Ortalığa Dökülünür Mü?
177,http://recel-blog.com/hayat-gomup-reddettiklerimi-tekrar-onume-koydu/,"Hayat, Gömüp Reddettiklerimi Tekrar Önüme Koydu"
178,http://recel-blog.com/tek-basina-basarmak/,Tek Başına Başarmak
179,http://recel-blog.com/sizler-bizler-ne-bileyim-herkesler/,"“Sizler, Bizler, Ne Bileyim Herkesler”"
180,http://recel-blog.com/namaz-cemaatiyle-sifa-bulmak/,Namaz Cemaatiyle Şifa Bulmak
181,http://recel-blog.com/allahin-dinini-muhafazakarlarin-dininden-ayirmak/,Allah’ın Dinini Muhafazakarların Dininden Ayırmak
182,http://recel-blog.com/kadinlar-birlikte-guclu-dedigimizde/,Kadınlar Birlikte Güçlü Dediğimizde
183,http://recel-blog.com/benim-de-soyleyeceklerim-var/,Benim de Söyleyeceklerim Var
184,http://recel-blog.com/prensesler-cadilar-uvey-anneler-ii/,"Prensesler, Cadılar, Üvey Anneler II"
185,http://recel-blog.com/ezan-degildi-dinledigim-kadinligin-tarihiydi/,Ezan Değildi Dinlediğim Kadınlığın Tarihiydi
186,http://recel-blog.com/oruclu-ve-tacizci/,Oruçlu ve Tacizci
187,http://recel-blog.com/ramazan-sofrasini-baska-evlere-nasil-gotururuz/,Ramazan Sofrasını Başka Evlere Nasıl Götürürüz?
188,http://recel-blog.com/madem-normallestik-ben-bunlari-niye-yasiyorum/,"Madem Normalleştik, Ben Bunları Niye Yaşıyorum?"
189,http://recel-blog.com/asmak/,Aşmak
190,http://recel-blog.com/benim-dinim-bunlari-soylemek-istemis-olamaz/,Benim Dinim Bunları Söylemek İstemiş Olamaz…
191,http://recel-blog.com/bana-bir-kerecik-musluman-der-misiniz/,Bana Bir Kerecik “Müslüman” Der Misiniz?
192,http://recel-blog.com/nicin-sevgi/,Niçin Sevgi?
193,http://recel-blog.com/korlesme/,Körleşme
194,http://recel-blog.com/muhafazakar-erkek-nedir-ne-degildir/,Muhafazakar Erkek Nedir? Ne Değildir?
195,http://recel-blog.com/evlilik-bahar-ve-organize-isler/,"Evlilik, Bahar ve Organize İşler"
196,http://recel-blog.com/islamda-erkegi-konusma-zamani-gelmedi-mi/,İslam’da Erkeği Konuşma Zamanı Gelmedi Mi?
197,http://recel-blog.com/sac/,Saç
198,http://recel-blog.com/1tllik-adam/,1TL’lik Adam
199,http://recel-blog.com/siz-camide-yenisiniz-galiba/,Siz Camide Yenisiniz Galiba?
200,http://recel-blog.com/baba-dag-gibidir-golgesi-yeter/,"Baba Dağ Gibidir, Gölgesi Yeter!"
201,http://recel-blog.com/basortulu-olmak-ya-da-olmamak-iste-butun-mesele-bu/,Başörtülü Olmak ya da Olmamak: İşte Bütün Mesele Bu
202,http://recel-blog.com/annelik-ve-cami-maceranin-ta-kendisi/,"Annelik ve Cami, Maceranın Ta Kendisi"
203,http://recel-blog.com/bizim-kadinlarimiz-bizim-hikayemiz/,Bizim kadınlarımız. Bizim hikayemiz.
204,http://recel-blog.com/kadinlar-camilerin-neresinde-kovuldugumuz-yerden-camiye-geri-donuyoruz/,Kadınlar Camilerin Neresinde?: Kovulduğumuz Yerden Camiye Geri Dönüyoruz
205,http://recel-blog.com/bogazimdaki-yumru/,Boğazımdaki Yumru
206,http://recel-blog.com/bir-intihara-sahit-olduk/,Bir İntihara Şahit Olduk!
207,http://recel-blog.com/dikkatleri-uzerimize-cekelim/,Dikkatleri Üzerimize Çekelim
208,http://recel-blog.com/kadinlar-gunu/,Kadınlar Günü
209,http://recel-blog.com/8-martta-karnimda-kelebekler/,8 Mart’ta Karnımda Kelebekler
210,http://recel-blog.com/elin-diline-dusmemek/,Elin Diline Düşmemek
211,http://recel-blog.com/sonu-gelmeyen-kendini-aciklama-ihtiyaci/,Sonu Gelmeyen Kendini Açıklama İhtiyacı
212,http://recel-blog.com/gommek-mi-asla/,"Gömmek mi, asla!"
213,http://recel-blog.com/ellili-yaslarda-ressam-olmak/,Ellili Yaşlarda Ressam Olmak
214,http://recel-blog.com/basortusu-mucadelesinin-degisemeyen-yolculugu/,Başörtüsü Mücadelesinin Değişe(me)yen Yolculuğu
215,http://recel-blog.com/bosanmis-annenin-bosanmis-kizi/,Boşanmış Annenin Boşanmış Kızı
216,http://recel-blog.com/ben-hep-bu-yazili-olmayan-kanunlarinizdan-incindim-ey-halkim-2/, Ben Hep Bu Yazılı Olmayan Kanunlarınızdan İncindim Ey Halkım – 2
217,http://recel-blog.com/simdi-ne-oldu/,Şimdi Ne Oldu
218,http://recel-blog.com/siradaki-sarki-issiz-muslumanlara-gelsin/,Sıradaki Şarkı Issız Müslümanlara Gelsin
219,http://recel-blog.com/bu-ulkenin-cocuklari/,Bu Ülkenin Çocukları
220,http://recel-blog.com/sadece-anlatacagim/,Sadece Anlatacağım
221,http://recel-blog.com/anne-olunca/,Anne Olunca…
222,http://recel-blog.com/susuyorum-cunku-ben-bir-kadinim/,"Susuyorum, Çünkü Ben Bir Kadınım"
223,http://recel-blog.com/evde-kaldik-a-dostlar/,Evde Kaldık A Dostlar
224,http://recel-blog.com/basortusuz-musluman-bir-kadin-mescitler-ve-kendini-bilmez-insanciklar/,"Başörtüsüz Müslüman Bir Kadın, Mescitler ve Kendini Bilmez İnsancıklar"
225,http://recel-blog.com/nasil-libos-oldum/,Nasıl Liboş Oldum?
226,http://recel-blog.com/elif-mina-ve-miray-hiranin-ardindan/,Elif Mina ve Miray Hira’nın ardından…
227,http://recel-blog.com/the-imam/,The İmam
228,http://recel-blog.com/eskisehirin-engelsiz-camileri/,Eskişehir’in Engelsiz Camileri
229,http://recel-blog.com/annelik-icgudusunu-olduren-kabus-esimin-tarafi/,Annelik İçgüdüsünü Öldüren Kabus: “Eşimin Tarafı”
230,http://recel-blog.com/orhanlaricindusunmevakti/,Orhanlar için Düşünme Vakti
231,http://recel-blog.com/ben-hep-bu-yazili-olmayan-kanunlarinizdan-incindim-ey-halkim-1/,Ben Hep Bu Yazılı Olmayan Kanunlarınızdan İncindim Ey Halkım -1
232,http://recel-blog.com/alyans/,Alyans
233,http://recel-blog.com/katolik-kilise-yurdunda-basortulu-bir-musluman-kadin/,Katolik Kilise Yurdunda Başörtülü Bir Müslüman Kadın
234,http://recel-blog.com/sehirin-orhanlari/,Şehir’in Orhanları
235,http://recel-blog.com/kim-acik-kim-kapali/,Kim Açık Kim Kapalı
236,http://recel-blog.com/hayata-saril-lokantasina-davet/,Hayata Sarıl Lokantası’na Davet
237,http://recel-blog.com/orhan-bekleme-yapma/,Orhan Bekleme Yapma
238,http://recel-blog.com/yine-olsa-yine-yapmazdim/,Yine Olsa Yine Yapmazdım
239,http://recel-blog.com/yol-hikayeleri/,Yol Hikayeleri
240,http://recel-blog.com/kaldi-bu-silinmez-basortulu-sortlu-sucu-uzerimizde/,Kaldı Bu Silinmez Başörtülü/Şortlu Suçu Üzerimizde
241,http://recel-blog.com/depremin-iyi-insanlari/,Depremin “İyi” İnsanları
242,http://recel-blog.com/kilik-degistirmis-uyusturucu-taciri-mi-basortulu-gezgin-mi/,"Kılık Değiştirmiş Uyuşturucu Taciri mi, Başörtülü Gezgin mi?"
243,http://recel-blog.com/kadinlarin-hak-mucadelesi-aile-kurumunu-tehdit-ediyor-temali-safsatalar/,Kadınların Hak Mücadelesi Aile Kurumunu Tehdit Ediyor Temalı Safsatalar
244,http://recel-blog.com/kadin-cinayetleri-ifadenin-kurbani-yine-kadinlar/,‘Kadın Cinayetleri’ – İfadenin Kurbanı Kadınlar
245,http://recel-blog.com/yol-donumu-2/,Yol Dönümü
246,http://recel-blog.com/iki-kisilik-cay-kizlar-kizliktan-sessizce-cekilmesini-bilmelidir/,İki Kişilik Çay: Kızlar Kızlıktan Sessizce Çekilmesini Bilmelidir
247,http://recel-blog.com/kapiyi-calmak/,Kapıyı Çalmak
248,http://recel-blog.com/fitne-tohumu/,Fitne Tohumu
249,http://recel-blog.com/basortuluyken-dunyayi-gezmek-gercekten-nasil-bir-sey/,Başörtülüyken Dünyayı Gezmek: Gerçekten Nasıl Bir Şey?
250,http://recel-blog.com/basortusunu-cikarmak/,Başörtüsünü Çıkarmak
251,http://recel-blog.com/pembe-erkekli-fantezi-dunyamiza-hosgeldiniz/,“Pembe Erkek”li Fantezi Dünyamıza Hoşgeldiniz
252,http://recel-blog.com/pembe-derken-ne-demek-istemistik/,“Pembe…” Derken Ne Demek İstemiştik?
253,http://recel-blog.com/bir-uyarlamanin-ardindan-kurk-mantolu-madonna/,Bir Uyarlamanın Ardından: Kürk Mantolu Madonna
254,http://recel-blog.com/dunya-kiz-cocuklari-gununde-mezarlikta-bir-kiz-cocugu/,Dünya Kız Çocukları Günü’nde Mezarlıkta Bir Kız Çocuğu
255,http://recel-blog.com/allaha-peygamberlerine-ve-youtube-vaizlerine-iman-ya-da-sizi-inandirmak-icin-daha-ne-yapalim/,"Allah’a, Peygamberlerine ve YouTube Vaizlerine İman ya da Sizi İnandırmak İçin Daha Ne Yapalım?"
256,http://recel-blog.com/nefretimi-kazanamayacaksiniz-derken-nefret-yaymak/,“Nefretimi Kazanamayacaksınız” Derken Nefret Yaymak
257,http://recel-blog.com/teog-herkesin-derdi/,TEOG Herkesin Derdi
258,http://recel-blog.com/hallaya-mektup/,Halla’ya Mektup
259,http://recel-blog.com/gozu-aydin-bahcenin/,Gözü Aydın Bahçenin
260,http://recel-blog.com/recel-blog-uc-yasinda/,Reçel Blog Üç Yaşında
261,http://recel-blog.com/cidden-sifali-bilgiler/,Cidden Şifalı Bilgiler
262,http://recel-blog.com/28-subat-davasi-devam-ediyor/,28 Şubat Davası Devam Ediyor
263,http://recel-blog.com/hz-asiyeye-kirginim/,Hz. Asiye’ye Kırgınım…
264,http://recel-blog.com/kalabaliklar-magara-goremez/,Kalabalıklar Mağara Göremez
265,http://recel-blog.com/diziler-analar-ve-ogullar/,"Diziler, Analar ve Oğullar"
266,http://recel-blog.com/ozgur-degiliz-hicbirimiz/,Özgür Değiliz Hiçbirimiz
267,http://recel-blog.com/sorumsuz-buyukler/,Sorumsuz Büyükler
268,http://recel-blog.com/sigara-anneannem-kadin-olmak/,"Sigara, Anneannem, Kadın Olmak"
269,http://recel-blog.com/korkuyorum-o-nedenle/,Korkuyorum O Nedenle
270,http://recel-blog.com/hastanenin-cinsiyeti/,Hastanenin Cinsiyeti
271,http://recel-blog.com/sizinle-paylasacak-daha-cok-seyimiz-var/,Sizinle Paylaşacak Daha Çok Şeyimiz Var
272,http://recel-blog.com/bir-hatirlanma-mekani-olarak-yeni-valide-kulliyesi/,Bir Hatırla(n)ma Mekanı Olarak Yeni Valide Külliyesi
273,http://recel-blog.com/kufurlu-aktivizm/,Küfürlü Aktivizm
274,http://recel-blog.com/universiteli-olmak/,Üniversiteli Olmak
275,http://recel-blog.com/sortuma-da-basortume-de-karisma/,Şortuma da Başörtüme de Karışma!
276,http://recel-blog.com/arkadasim-ol-souad-sabah/,Arkadaşım Ol Souad Sabah
277,http://recel-blog.com/butun-bu-ortulerin-arasinda-kadinlar-nerede/,Bütün Bu Örtülerin Arasında Kadınlar Nerede?
278,http://recel-blog.com/cozum-ya-da-dugum/,Çözüm ya da Düğüm
279,http://recel-blog.com/kskmi-tum-kadinlari-emani-arrahman-icin-giyabi-cenaze-namazina-cagiriyor/,"KŞKMİ, Tüm Kadınları, Emani Arrahman için Gıyabi Cenaze Namazına Çağırıyor"
280,http://recel-blog.com/arkasinda-kim-var-amerika/,Arkasında kim var? “Amerika”!
281,http://recel-blog.com/bir-derin-denge-meselesi/,Bir Derin Denge Meselesi
282,http://recel-blog.com/armudi-budakladum/,“Armudi Budakladum”
283,http://recel-blog.com/mimarin-cinsiyeti-caminin-cinsiyetini-degistirir-mi/,Mimarın Cinsiyeti Caminin Cinsiyetini Değiştirir Mi?
284,http://recel-blog.com/babamdan-aldigim-ders/,Babamdan Aldığım Ders
285,http://recel-blog.com/avrupanin-en-baba-adalet-sarayi-bagyanlar-yan-taraftan/,Avrupa’nın en BABA Adalet Sarayı: Bağyanlar yan taraftan!
286,http://recel-blog.com/mimar-sinan-atasehir-camiye-ne-oldu/,Mimar Sinan Ataşehir Cami’ye Ne Oldu?
287,http://recel-blog.com/zeynepin-gorunemeyisi/,Zeynep’in Görün/E/meyişi
288,http://recel-blog.com/cok-ayip-ettim-capitol-ozur-dilerim/,"Çok ayıp ettim Capitol, özür dilerim!"
289,http://recel-blog.com/antidepresan-donusleri/,Antidepresan Dönüşleri
290,http://recel-blog.com/kadin-namaz-kildirirsa/,Kadın Namaz Kıldırırsa…
291,http://recel-blog.com/anneme-sustuklarim/,Anneme Sustuklarım
292,http://recel-blog.com/naval-el-saddavi-ile-soylesi-aralik-1989/,"Neval El Saddavi ile Söyleşi, Aralık 1989"
293,http://recel-blog.com/geri-donmeyi-ummuyorum/,Geri Dönmeyi Ummuyorum
294,http://recel-blog.com/bir-ah-goge-yukseldiginde/,Bir Ah Göğe Yükseldiğinde
295,http://recel-blog.com/bir-kufur-gibi-akademiden-atilmak/,Bir Küfür Gibi Akademiden Atılmak
296,http://recel-blog.com/kadin-kadina-olmak-neden-onemli/,Kadın Kadına Olmak Neden Önemli?
297,http://recel-blog.com/ya-ikimiz-ya-kendin/,"Ya ikimiz, ya kendin!"
298,http://recel-blog.com/perdeler-nolcak/,Perdeler N’olcak?
299,http://recel-blog.com/mitokondrisi-bende-kaldi/,Mitokondrisi Bende Kaldı
300,http://recel-blog.com/evet-hayir/,Evet Hayır
301,http://recel-blog.com/kimligini-giyinip-disari-cikmak/,Kimliğini Giyinip Dışarı Çıkmak
302,http://recel-blog.com/semsiyemin-ucu-kare/,Şemsiyemin Ucu Kare
303,http://recel-blog.com/iffet-neydi-iffet-emekti/,İffet Neydi? İffet Emekti
304,http://recel-blog.com/isik-hizina-gecelim/,Işık Hızına Geçelim!
305,http://recel-blog.com/lahmacunlar-ve-cilekler/,Lahmacunlar ve Çilekler
306,http://recel-blog.com/mona-haydar-beyinin-arabasiyla-rep-yapmak/,Mona Haydar: Beyinin Arabasıyla Rep Yapmak
307,http://recel-blog.com/nazan-oncelin-sarkilariyiz-efendim/,Nazan Öncel’in Şarkılarıyız Efendim
308,http://recel-blog.com/sahne-sanatlarinda-kadinlar-ve-deneyimleri-forum-ve-aksam-hareketi-dinletisine-davet/,Sahne Sanatlarında Kadınlar ve Deneyimleri/ Forum ve aKşam Hareketi Dinletisine Davet
309,http://recel-blog.com/belki-sehre-bir-film-gelir-bu-8-martta/,Belki Şehre Bir Film Gelir Bu 8 Mart’ta…
310,http://recel-blog.com/ceviri-asla-cocuk-sahibi-olmayacagim/,Çeviri: Asla Çocuk Sahibi Olmayacağım
311,http://recel-blog.com/oyuncak-supurgeler-pembe-olur-oyuncak-kahramanlari-ise-erkek-cocuk-reyonunda-ara/,"Oyuncak Süpürgeler Pembe Olur, Oyuncak Kahramanları ise Erkek Çocuk Reyonunda Ara"
312,http://recel-blog.com/yasasin-8-mart/,Yaşasın 8 Mart!
313,http://recel-blog.com/ben-hayaletlere-inaniyorum-bayim/,Ben Hayaletlere İnanıyorum Bayım!
314,http://recel-blog.com/bu-bir-28-subat-yazisi-degildir/,Bu Bir 28 Şubat Yazısı Değildir
315,http://recel-blog.com/yasasin-makbul-olmayan-basortulu-kadinlar-dayanismasi/,Yaşasın “Makbul Olmayan Başörtülü Kadınlar” Dayanışması!
316,http://recel-blog.com/bu-bir-futbol-maci-degildir/,Bu Bir Futbol Maçı Değildir (!)
317,http://recel-blog.com/bir-yaza-iki-kis/,Bir Yaza İki Kış
318,http://recel-blog.com/ask-satar/,Aşk Satar
319,http://recel-blog.com/ortunmeme-hakki/,Örtünmeme Hakkı
320,http://recel-blog.com/kucuk-resme-bakmak/,Küçük Resme Bakmak
321,http://recel-blog.com/yeni-bir-suru-kutu/,Yeni Bir Sürü Kutu
322,http://recel-blog.com/sakli-ceyiz/,Saklı Çeyiz
323,http://recel-blog.com/bireysel-hikayeler-kurmak/,Bireysel Hikâyeler Kurmak
324,http://recel-blog.com/demete/,Demet’e
325,http://recel-blog.com/hepinizi-esekler-kovalasin/,Hepinizi Eşekler Kovalasın
326,http://recel-blog.com/recel-gonullulerini-ariyor/,Reçel Gönüllülerini Arıyor!
327,http://recel-blog.com/aclik-oyunlari-golgesinde-onuncu-yil/,Açlık Oyunları Gölgesinde Onuncu Yıl
328,http://recel-blog.com/beni-anlatmiyor/,Beni Anlatmıyor 
329,http://recel-blog.com/gereksiz-muzisyen/,Gereksiz Müzisyen
330,http://recel-blog.com/ev-denen-kara-delik/,Ev Denen Kara Delik
331,http://recel-blog.com/aksam/,"aKşam: “Kısırımız yok, klasik müziğimiz var!”"
332,http://recel-blog.com/yabanci-simdi-o-elindeki-yargiyi-yavasca-yere-birak-kahvelerimiz-soguyacak/,"“Yabancı, Şimdi O Elindeki Yargıyı Yavaşça Yere Bırak, Kahvelerimiz Soğuyacak.”"
333,http://recel-blog.com/korkmak-huy-oldu-bizde/,Korkmak Huy Oldu Bizde
334,http://recel-blog.com/taziye-2/,Taziye-2
335,http://recel-blog.com/ey-yesil-sarikli-ulu-hocalar/,Ey Yeşil Sarıklı Ulu Hocalar!
336,http://recel-blog.com/sevgili-komsum-bu-ev-hepimizin-basina-yikilacak/,"Sevgili Komşum, Bu Ev Hepimizin Başına Yıkılacak…"
337,http://recel-blog.com/bir-kolda-birkac-karpuz-tasidigim-icin-toplumdan-ozur-dilerim/,Bir Kolda Birkaç Karpuz Taşıdığım için Toplumdan Özür Dilerim
338,http://recel-blog.com/manifesto/,Manifesto
339,http://recel-blog.com/cocuklar-yanginlar-ve-cikmazlar-uzerine-bir-sohbet/,"Çocuklar, Yangınlar ve Çıkmazlar Üzerine Bir Sohbet"
340,http://recel-blog.com/islam-tarihinin-merkezinde-kadinlar-hz-amine-ve-hz-halime-uzerinden-hz-muhammed-allahin-elcisi-film-analizi/,İslam Tarihinin Merkezinde Kadınlar: Hz. Amine ve Hz. Halime üzerinden Hz. Muhammed: Allahın Elçisi film analizi
341,http://recel-blog.com/recel-blogun-serrinden-allaha-siginmak/,Reçel Blog’un Şerrinden Allah’a Sığınmak
342,http://recel-blog.com/uc-maddede-neden-tecavuzmesrulastirilamaz/,Üç Maddede Neden #TecavüzMeşrulaştırılamaz
343,http://recel-blog.com/cinsel-istismara-evlilik-yolu-mu-aciliyor/,Cinsel İstismara Evlilik Yolu mu Açılıyor?
344,http://recel-blog.com/bugun-mukaddesi-gordum/,Bugün Mukaddes’i Gördüm!
345,http://recel-blog.com/okumak-ya-da-okumamak-iste-tum-mesele-bu/,Okumak Ya da Okumamak İşte Tüm Mesele Bu
346,http://recel-blog.com/minnettar-degiliz/,Minnettar Değiliz
347,http://recel-blog.com/bisiklete-binmek-gunah-midir/,Bisiklete Binmek Günah Mıdır?
348,http://recel-blog.com/edebiyat-ogretir-mi/,Edebiyat Öğretir mi?
349,http://recel-blog.com/karma-egitim-istiyorum-bu-kadar/,"Karma Eğitim İstiyorum, Bu Kadar"
350,http://recel-blog.com/madonna/,Madonna’nın Hayaletleri
351,http://recel-blog.com/bundan-sonraki-turkiyede-buyumek/,Bundan Sonraki Türkiye’de Büyümek
352,http://recel-blog.com/sosyal-denekligim/,Sosyal Denekliğim
353,http://recel-blog.com/kadin-yurtlari-meselesi-biter-mi/,Kadın Yurtları Meselesi Biter mi?
354,http://recel-blog.com/tubanin-sesi-olmak-icin/,Tuba’nın Sesi Olmak İçin
355,http://recel-blog.com/sampiyonluk-guzel-ama-bayan-kapali/,Şampiyonluk Güzel Ama Bayan Kapalı?
356,http://recel-blog.com/bayan-mescidini-nerede-alirdiniz-dukkanda/,Bayan Mescidini Nerede Alırdınız?:  Dükkanda
357,http://recel-blog.com/sahiden-cocugunuz-icin-mi/,"Sahiden, Çocuğunuz İçin Mi? "
358,http://recel-blog.com/niyet-ettim-annemin-rizasi-icin-sabah-namazini-kilmaya/,Niyet Ettim Annemin Rızası İçin Sabah Namazını Kılmaya
359,http://recel-blog.com/neden-feministsin-anlatsana-biraz/,Neden Feministsin Anlatsana Biraz…..
360,http://recel-blog.com/burkinililesmemek/,Burkinilileşmemek
361,http://recel-blog.com/recel-iyi-bayramlar-diler/,Reçel İyi Bayramlar Diler
362,http://recel-blog.com/anne-olunca-anlamadim/,Anne Olunca Anlamadım
363,http://recel-blog.com/mukemmel-ebeveynlige-giden-altin-yolda-yigilip-kalmak/,Mükemmel Ebeveynliğe Giden Altın Yol/da Yığılıp Kalmak
364,http://recel-blog.com/ferrarisini-satan-bilge/,Ferrarisini Satan Bilge
365,http://recel-blog.com/hande-kadere-ses-ver/,Hande Kader’e Ses Ver
366,http://recel-blog.com/annelerle-hic-bitmeyen-sorunlarimiz/,Annelerle Hiç Bitmeyen Sorunlarımız
367,http://recel-blog.com/genellemeler-kategoriler-hazir-kaliplar-yargilar/,"Genellemeler, Kategoriler, Hazır kalıplar, Yargılar…"
368,http://recel-blog.com/dayak-mi-yalan-mi/,Dayak Mı? Yalan Mı?
369,http://recel-blog.com/kulkedisi-masalinin-gercek-sonu/,Külkedisi Masalının Gerçek Sonu
370,http://recel-blog.com/darbelere-hayir-forumu/,Darbelere Hayır Forumu
371,http://recel-blog.com/tanrilastirdiklarimiza-tanrinin-kurallarini-hatirlatma-zamani/,Tanrılaştırdıklarımıza Tanrı’nın Kurallarını Hatırlatma Zamanı
372,http://recel-blog.com/15-temmuz-darbeye-hayir-forumu/,15 Temmuz Darbeye Hayır Forumu
373,http://recel-blog.com/yanlisi-isaretlemek/,Yanlışı İşaretlemek
374,http://recel-blog.com/magdur-edebiyati/,Mağdur Edebiyatı
375,http://recel-blog.com/prensesler-cadilar-uvey-anneler/,"Prensesler, Cadılar, Üvey Anneler"
376,http://recel-blog.com/darbe-karsiti-gosteriler-ve-hedefteki-kadin-olmak/,Darbe Karşıtı Gösteriler ve Hedefteki Kadın Olmak
377,http://recel-blog.com/derin-hafiza/,Derin Hafıza
378,http://recel-blog.com/bize-vurulan-darbe/,Bize Vurulan Darbe
379,http://recel-blog.com/batinin-savasi-darbe/,Batının Savaşı: Darbe
380,http://recel-blog.com/ikinci-bir-emre-kadar-ozgursun/,İkinci Bir Emre Kadar Özgürsün!
381,http://recel-blog.com/sevim-kos-ozgurlugum-geldi/,Sevim Koş Özgürlüğüm Geldi!
382,http://recel-blog.com/hayirdir-bu-nasil-hayir/,Hayırdır Bu Nasıl Hayır?
383,http://recel-blog.com/bir-gerilim-filmi-bayram/,Bir Gerilim Filmi: Bayram
384,http://recel-blog.com/olumun-otesi-yok/,Ölümün Ötesi Yok
385,http://recel-blog.com/kadinlarin-serbest-olmasi-erkekleri-niye-korkutur/,Kadınların Serbest Olması Erkekleri Niye Korkutur?
386,http://recel-blog.com/bir-teravih-hayali/,Bir Teravih Hayali
387,http://recel-blog.com/anadil-ve-masallar/,Anadil Ve Masallar
388,http://recel-blog.com/dogal-doguranlar/,Doğal Doğuranlar
389,http://recel-blog.com/vefat-olum-ya-da-sehadet/,"Vefat, Ölüm ya da Şehadet…"
390,http://recel-blog.com/0-2-yas-grubu-bebekle-tasit-rehberi-istanbul-bursa/,0-2 Yaş Grubu Bebekle Taşıt Rehberi: İstanbul-Bursa
391,http://recel-blog.com/orlando-katliami/,Orlando Katliamı
392,http://recel-blog.com/dosta-vefa-prof-homa-hoodfarin-tutuklanmasina-dair/,Dosta Vefa: Prof. Homa Hoodfar’in Tutuklanmasına Dair
393,http://recel-blog.com/bir-genclik-bayrami-yazisi/,Bir Gençlik Bayramı Yazısı
394,http://recel-blog.com/kizkardeslik-ama-kimin-icin/,Kızkardeşlik Ama Kimin İçin?
395,http://recel-blog.com/hemen-burada-soyle-feminist-misin/,Hemen Burada Söyle Feminist Misin?
396,http://recel-blog.com/kiz-gibi-direnmek/,Kız Gibi Direnmek
397,http://recel-blog.com/gercek-bizi-oldurur-mu-benim-yolum-kitabi-uzerine/,Gerçek Bizi Öldürür mü: Benim Yolum Kitabı Üzerine
398,http://recel-blog.com/torununa-bakmak-zorunda-olan-anneler/,Torununa Bakmak Zorunda Olan Anneler
399,http://recel-blog.com/sahit-olmak/,“Şahit” Olmak
400,http://recel-blog.com/manevi-destek-biriminde-basilmak/,Manevi Destek Biriminde Basılmak
401,http://recel-blog.com/bu-bir-kamplasma-yazisi-degildir/,Bu Bir Kamplaşma Yazısı Değildir
402,http://recel-blog.com/tarihteki-basarisiz-musluman-kadinlar/,Tarihteki Başarısız Müslüman Kadınlar
403,http://recel-blog.com/muzaffer-hoca/,Muzaffer Hoca
404,http://recel-blog.com/dur-bosaniyorum-belki/,Dur! Boşanıyorum (Belki)
405,http://recel-blog.com/erkegin-serrinden-erkege-sigindim/,Erkeğin Şerrinden Erkeğe Sığındım
406,http://recel-blog.com/ensar-vakfi-meselesi-ve-biz-olmak/,Ensar Vakfı Meselesi ve “Biz” Olmak
407,http://recel-blog.com/ensar-tecavuz-ve-itibar-uzerine/,"Ensar, Tecavüz ve İtibar Üzerine"
408,http://recel-blog.com/bir-multeci-masali/,Bir Mülteci Masalı
409,http://recel-blog.com/feyzamiza-veda-olum-de-dostluga-dahilmis/,Feyza’mıza Veda: Ölüm de Dostluğa Dahilmiş
410,http://recel-blog.com/recele-bir-okur-mektubu-bir-gidisin-esigindeyim/,Reçel’e Bir Okur Mektubu: “Bir Gidişin Eşiğindeyim”
411,http://recel-blog.com/evin-melegi-atolyesinde-ne-konustuk/,Evin Meleği Atölyesi’nde Ne Konuştuk?
412,http://recel-blog.com/bir-insan-yaratmanin-hikayesi/,Bir İnsan Yaratmanın Hikayesi
413,http://recel-blog.com/biz-kadinin-camiye-gelmeyenini-severiz/,Biz Kadının Camiye Gelmeyenini Severiz!  
414,http://recel-blog.com/babamiz-bizi-sevmedi-cirkiniz/,"Babamız Bizi Sevmedi, Çirkiniz"
415,http://recel-blog.com/28-subat-mi-dediniz/,28 Şubat mı dediniz?
416,http://recel-blog.com/savasa-hangi-elbisemle-gideyim/,Savaşa Hangi Elbisemle Gideyim?
417,http://recel-blog.com/ee-simdi-napiyorsun/,“Ee Şimdi Napıyorsun?”
418,http://recel-blog.com/1989dan-bir-roportaj-turbanli-ogrenciler-toplumdan-sikayetci-sokak-dergisi-kasim-1989/,"1989’dan bir Röportaj: “Türbanlı Öğrenciler Toplumdan Şikayetçi”. Sokak Dergisi, Kasım 1989"
419,http://recel-blog.com/sandiklarimiz/,Sandı’k’larımız
420,http://recel-blog.com/magdur-denme-ihtimali/,Mağdur Denme İhtimali
421,http://recel-blog.com/orucla-direnmek/,Oruçla Direnmek
422,http://recel-blog.com/darisi-basina-season-is-coming/,Darısı Başına Season is Coming!
423,http://recel-blog.com/nihat-hatipoglu-olamamak/,Nihat Hatipoğlu Olamamak
424,http://recel-blog.com/bu-yu-me-dim/,Bü-yü-me-dim!
425,http://recel-blog.com/once-seni-kabul-etmeliyiz-juju/,Önce Seni Kabul Etmeliyiz Juju
426,http://recel-blog.com/biz-o-akademisyeni-cok-sevdik/,Biz O Akademisyeni Çok Sevdik
427,http://recel-blog.com/buyuk-bir-kadinin-yazisi/,Büyük Bir Kadının Yazısı
428,http://recel-blog.com/o-akademisyen-bildiginiz-gibi-degil/,O Akademisyen Bildiğiniz Gibi Değil
429,http://recel-blog.com/taybet-ana/,Taybet Ana
430,http://recel-blog.com/bu-hepimizin-hikayesi-degil-mi/,Bu Hepimizin Hikâyesi Değil Mi?
431,http://recel-blog.com/cadilar-gibiydim-ben-baba-evinde/,Cadılar Gibiydim Ben Baba Evinde
432,http://recel-blog.com/ah-babam/,Ah Babam
433,http://recel-blog.com/keske-sen-de-unutsaydin-mehmet/,Keşke Sen de Unutsaydın Mehmet
434,http://recel-blog.com/huzur-sokagindan-modum-rahatlika-cihat-eden-tesettur/,Huzur Sokağı’ndan Modum Rahatlık’a Cihat Eden Tesettür
435,http://recel-blog.com/hamaratligin-sonu/,Hamaratlığın Sonu
436,http://recel-blog.com/hayati-savunmak-icin-baris-nobeti-cagrisi/,Hayatı Savunmak için Barış Nöbeti Çağrısı
437,http://recel-blog.com/yalniz-yaslanmak/,Yalnız Yaşlanmak
438,http://recel-blog.com/ya-adam-hakliysa/,Ya Adam Haklıysa
439,http://recel-blog.com/karnina-bebe-kocaya-kole/,Karnına Bebe Kocaya Köle
440,http://recel-blog.com/almayayim-tesekkurler-2/,"Almayayım, Teşekkürler"
441,http://recel-blog.com/dikkat-taciz-var-2/,Dikkat Taciz Var!
442,http://recel-blog.com/kek-deyip-gecme-2/,Kek Deyip Geçme
443,http://recel-blog.com/hakikatin-disil-spektrumu-ve-futbol-ile-peri-masali-kiskacinda-vals/,Hakikatin Dişil Spektrumu ve Futbol ile Peri Masalı Kıskacında: Vals
444,http://recel-blog.com/ankara-hukukta-konusanlar-ve-susturulanlar-uzerine/,Ankara Hukuk’ta Konuşanlar ve Susturulanlar Üzerine
445,http://recel-blog.com/olmedigimize-utaniyoruz-artik-2/,Ölmediğimize Utanıyoruz Artık!
446,http://recel-blog.com/guneydogudan-son-durum/,Güneydoğu’dan Son Durum
447,http://recel-blog.com/ikiyuzlu-cocuklugum/,İkiyüzlü Çocukluğum
448,http://recel-blog.com/fransa-katliami-ve-ardinda-biraktiklari/,Fransa Katliamı ve Ardında Bıraktıkları
449,http://recel-blog.com/basi-acik-akademisyen-olur-mu/,Başı Açık Akademisyen Olur Mu?
450,http://recel-blog.com/ya-cirkin-hic-prens-olmazsa/,Ya Çirkin Hiç Prens Olmazsa?
451,http://recel-blog.com/basortusunde-tutuklu-kaldik/,Başörtüsünde Tutuklu Kaldık
452,http://recel-blog.com/basortululerin-eve-donmeye-niyeti-var-mi/,Başörtülülerin Eve Dönmeye  Niyeti Var Mı?
453,http://recel-blog.com/kadinlar-plaji-is-the-new-hamam/,Kadınlar Plajı is the New Hamam
454,http://recel-blog.com/bir-sinebebe-macerasi/,Bir Sinebebe Macerası
455,http://recel-blog.com/agos-roportaji-musluman-kadinlarin-receli/,Agos Röportajı: Müslüman Kadınların “Reçel”i
456,http://recel-blog.com/gulten-akina-veda/,Gülten Akın’a Veda
457,http://recel-blog.com/ergen-olusu-2/,Ergen Ölüsü
458,http://recel-blog.com/curuk-elma/,Çürük Elma
459,http://recel-blog.com/hey-sen-basortuludeki-sen-uzerine/,“Hey Sen Başörtülü!”deki ‘Sen’ Üzerine
460,http://recel-blog.com/bir-armut-hikayesi/,Bir Armut Hikâyesi
461,http://recel-blog.com/birlikte-yasamak/,Birlikte Yaşamak
462,http://recel-blog.com/recel-okuruna-acik-mektup/,Reçel Okuruna Açık Mektup
463,http://recel-blog.com/barisamamak/,Barış(ama)mak
464,http://recel-blog.com/taziye/,Taziye
465,http://recel-blog.com/hayatidurduruyoruz/,#Hayatıdurduruyoruz
466,http://recel-blog.com/aaa-imam-hatibe-mi-gidecek/,Aaa İmam Hatibe mi Gidecek?
467,http://recel-blog.com/bu-bir-baris-yazisi-degildir/,Bu Bir Barış Yazısı Değildir!
468,http://recel-blog.com/evin-melegini-oldurmeyelim-ama/,Evin Meleğini Öldürmeyelim Ama…
469,http://recel-blog.com/recel-bir-yasinda/,Reçel Bir Yaşında
470,http://recel-blog.com/bir-yilin-ardindan/,Bir Yılın Ardından
471,http://recel-blog.com/dislerimiz-arasindaki-ceset/,Dişlerimiz Arasındaki Ceset
472,http://recel-blog.com/bu-kirli-bir-savas-bayim/,Bu Kirli Bir Savaş Bayım!
473,http://recel-blog.com/dalgalarla-gelen/,Dalgalarla Gelen
474,http://recel-blog.com/ilk-basortulu-kadin-bakan-borek-meselesi-uzerine-bir-tartisma/,İlk Başörtülü Kadın Bakan ve Börek Meselesi Üzerine Bir Tartışma
475,http://recel-blog.com/bir-toplumsal-hafiza-yanilsamasi-olarak-fitnetunnisa/,Bir Toplumsal Hafıza Yanılsaması Olarak Fitnetünnisa
476,http://recel-blog.com/illallah/,İllallah
477,http://recel-blog.com/medeni-mesafe/,Medenî Mesafe
478,http://recel-blog.com/savasa-karsi-baris-icin/,Savaşa Karşı Barış için
479,http://recel-blog.com/sizin-hic-dedeniz-oldu-mu-benim-bir-kere-oldu-kor-edildim/,Sizin Hiç Dedeniz Öldü Mü? Benim Bir Kere Öldü “Kör Edildim”!
480,http://recel-blog.com/baba-dostu-bebek-bakim-odalari/,Baba Dostu Bebek Bakım Odaları
481,http://recel-blog.com/bir-paravan-evliligin-dusundurdukleri/,Bir Paravan Evliliğin Düşündürdükleri
482,http://recel-blog.com/emzirmek-diyemeyip-doyurmak-demek/,Emzirmek Diyemeyip Doyurmak Demek
483,http://recel-blog.com/ruzgar-eken-firtina-bicer-2/,Rüzgâr Eken Fırtına Biçer
484,http://recel-blog.com/ramazandan-kalma-bir-hikaye/,Ramazan’dan Kalma Bir Hikaye
485,http://recel-blog.com/ben-bu-filmi-izlemistim-savas/,Ben Bu Filmi İzlemiştim: “Savaş”
486,http://recel-blog.com/suraya-da-biraz-basortulu-uysal-kadinlar-cizelim/,Şuraya da Biraz Başörtülü Uysal Kadınlar Çizelim
487,http://recel-blog.com/bir-kadin-susarsa-bin-kadin-konusuruz/,Bir Kadın Susarsa Bin Kadın Konuşuruz
488,http://recel-blog.com/bize-zaman-verin-bize-baris-verin/,"Bize Zaman Verin, Bize Barış Verin!"
489,http://recel-blog.com/oh-olsun-cinayetleri-o-katillere-toplumsal-destegin-sirri/,Oh Olsun Cinayetleri: O Katillere Toplumsal Desteğin Sırrı
490,http://recel-blog.com/bogazici-universitesi-folklor-kulubunden-suruc-icin-klip/,Boğaziçi Üniversitesi Folklor Kulübü’nden Suruç için Klip
491,http://recel-blog.com/yaprak-doker-bir-yanimiz1/,Yaprak Döker Bir Yanımız
492,http://recel-blog.com/iyi-bayramlar/,İyi Bayramlar!
493,http://recel-blog.com/umutsuz-kadinlar-cografyasi/,Umutsuz Kadınlar Coğrafyası
494,http://recel-blog.com/recel-iftari-2015/,Reçel İftarı 2015
495,http://recel-blog.com/hep-mi-kadinlar-olecek/,Hep mi Kadınlar Ölecek?
496,http://recel-blog.com/taciz-ask-mi-dogurur/,Taciz Aşk mı Doğurur?
497,http://recel-blog.com/butun-kitaplar-faydali-degil/,Bütün Kitaplar Faydalı Değil
498,http://recel-blog.com/prototipler-etiketler-hakikatler/,"Prototipler, Etiketler, Hakîkatler"
499,http://recel-blog.com/cevap-vermekten-usanmak/,Cevap Vermekten Usanmak
500,http://recel-blog.com/cetvel-kim/,Cetvel Kim?
501,http://recel-blog.com/gecmisi-susturmak-tarihin-uretilmesi-ve-iktidar/,Geçmişi Susturmak: Tarihin Üretilmesi ve İktidar
502,http://recel-blog.com/erkeklere-hur-gozyasi/,Erkeklere Hür Gözyaşı
503,http://recel-blog.com/akademik-kariyere-bakislar/,Akademik Kariyere Bakışlar
504,http://recel-blog.com/ben-doverim-ya-da-kuma-alirim-cok-cilgin-asigim/,Ben Döverim ya da Kuma Alırım Çok Çılgın Aşığım
505,http://recel-blog.com/bogazicine-gelmeyen-ramazan-2/,Boğaziçi’ne Gelmeyen Ramazan
506,http://recel-blog.com/ramazan-geldi/,Ramazan Geldi!
507,http://recel-blog.com/x-konserindeki-turbanli-kiz/,X Konserindeki Türbanlı Kız
508,http://recel-blog.com/mekandan-bize-bizden-mekana-gecen/,Mekândan Bize Bizden Mekâna Geçen
509,http://recel-blog.com/bekarlara-yorulma-hakki/,Bekârlara Yorulma Hakkı
510,http://recel-blog.com/erkek-kuslarin-mikro-konformizmi/,Erkek Kuşların Mikro Konformizmi
511,http://recel-blog.com/cerrahilik-deneyimi-efendilik/,Cerrahilik Deneyimi – Efendilik
512,http://recel-blog.com/ben-bu-verilerin-neresindeyim/,Ben Bu Verilerin Neresindeyim?
513,http://recel-blog.com/kadinlarin-ulkesi-olsun/,Kadınların Ülkesi Olsun
514,http://recel-blog.com/ah-o-eski-ozgur-gunler/,Ah O Eski Özgür Günler!
515,http://recel-blog.com/yine-mi-agladim/,Yine Mi Ağladım?
516,http://recel-blog.com/yosma/,Yosma
517,http://recel-blog.com/biz-niye-kendimizi-anlatmak-zorundayiz-ya-da-yaw-he-he/,Biz Niye Kendimizi Anlatmak Zorundayız ya da Yaw He He
518,http://recel-blog.com/ilk-duragimiz-recel-okur-bulusmasi/,İlk Durağımız: Reçel Okur Buluşması
519,http://recel-blog.com/anne-ol-anne-ol/,"Anne Ol, Anne Öl"
520,http://recel-blog.com/ucunu-karnimdan-ikisini-kalbimden-dogurdum/,Üçünü Karnımdan İkisini Kalbimden Doğurdum
521,http://recel-blog.com/benim-seffaf-yaralarim/,Benim Şeffaf Yaralarım
522,http://recel-blog.com/ogut-vermenin-dayanilmaz-rahatligi/,Öğüt Vermenin Dayanılmaz Rahatlığı
523,http://recel-blog.com/avare-ruhumu-ozluyorum/,Avare Ruhumu Özlüyorum!
524,http://recel-blog.com/anlattigin-benim-hikayem-degil/,Anlattığın Benim Hikâyem Değil
525,http://recel-blog.com/ali-taranla-yasanilabilir-bir-turkiyeye-dogru/,Ali Taran’la Yaşanılabilir bir Türkiye’ye Doğru
526,http://recel-blog.com/pozantisi-ve-sakraniyla-biz-buyuk-bir-aileyiz/,Pozantı’sı ve Şakran’ıyla Biz Büyük Bir Aileyiz
527,http://recel-blog.com/kendini-prens-sanan-adamlar/,Kendini Prens Sanan Adamlar
528,http://recel-blog.com/normal-dogum-bir-kahramanlik-hikayesi/,Normal Doğum: Bir “Kahramanlık Hikayesi”
529,http://recel-blog.com/sarilalim-siki-siki/,Sarılalım Sıkı Sıkı
530,http://recel-blog.com/mucadelede-deger-hiyerarsisi-olur-mu/,Mücadelede Değer Hiyerarşisi Olur Mu?
531,http://recel-blog.com/simdilik-araftayim/,Şimdilik Araftayım
532,http://recel-blog.com/parca-basi/,Parça Başı
533,http://recel-blog.com/stratejik-ev-kizligi/,Stratejik Ev Kızlığı
534,http://recel-blog.com/akademinin-kadinlarina-vefa/,Akademinin Kadınlarına Vefa
535,http://recel-blog.com/orgutlenmis-sorumsuzluk/,Örgütlenmiş Sorumsuzluk
536,http://recel-blog.com/cocuklarin-kendi-kaderini-tayin-hakki/,Çocukların Kendi Kaderini Tayin Hakkı
537,http://recel-blog.com/dogmamis-cocugundan-mahrum-birakilmak/,Doğmamış Çocuğundan Mahrum Bırakılmak
538,http://recel-blog.com/tacizin-siradan-halleri/,Tacizin Sıradan Halleri
539,http://recel-blog.com/nevin-yildirimin-sucu-taammuden-yasamaya-calismak/,Nevin Yıldırım’ın Suçu Taammüden Yaşamaya Çalışmak
540,http://recel-blog.com/bir-varmis-bir-yokmus-ya-da-artik-inanmadigimiz-masallar/,Bir Varmış Bir Yokmuş ya da Artık İnanmadığımız Masallar
541,http://recel-blog.com/adem-bir-erkek-miydi-yazisina-gelen-yorumlara-dair/,“Adem Bir Erkek Miydi?” Yazısına Gelen Yorumlara Dair
542,http://recel-blog.com/adem-bir-erkek-miydi-yazisina-gelen-tepkiler-uzerine/,“Adem Bir Erkek Miydi?” Yazısına Gelen Tepkiler Üzerine
543,http://recel-blog.com/anne-artik-babamdan-ayril/,Anne Artık Babamdan Ayrıl!
544,http://recel-blog.com/adem-bir-erkek-miydi/,Adem Bir Erkek Miydi?
545,http://recel-blog.com/no-kid/,No Kid?
546,http://recel-blog.com/ozgecanin-yasadiklarini-ben-de-yasayabilirdim/,Özgecan’ın Yaşadıklarını Ben de Yaşayabilirdim
547,http://recel-blog.com/recel-blog-sil-bastanin-konugu/,Reçel Blog Sil Baştan’ın Konuğu
548,http://recel-blog.com/mucadele-disi-bir-kelime/,Mücadele Dişi Bir Kelime
549,http://recel-blog.com/kosun-kosun-mahallede-kavga-var/,"Koşun Koşun, Mahallede Kavga Var"
550,http://recel-blog.com/recelden-kadinlar-gunu-hediyesi/,Reçel’den Dünya Kadınlar Günü Hediyesi
551,http://recel-blog.com/kadinlarin-kilici-2/,Kadınların Kılıcı 2
552,http://recel-blog.com/hz-yusufun-askerleriyiz/,Hz. Yusuf’un Askerleriyiz
553,http://recel-blog.com/isid-kadinlari-ile-aramizdaki-inanilmaz-benzerlik/,IŞİD Kadınları ile Aramızdaki İnanılmaz Benzerlik
554,http://recel-blog.com/anahtar-sesi/,Anahtar Sesi
555,http://recel-blog.com/bana-abla-abla-abla-dediler-dondum-baktim-resmen-bana-dediler/,"Bana Abla Abla Abla Dediler, Döndüm Baktım Resmen Bana Dediler!"
556,http://recel-blog.com/aklimiz-fikrimiz-seyimizde/,Aklımız Fikrimiz Şeyimizde
557,http://recel-blog.com/bin-yil-uyuyan-prenses/,Bin Yıl Uyuyan Prenses
558,http://recel-blog.com/sanki/,S/anki..
559,http://recel-blog.com/ozgecanin-gomlegi/,Özgecan’ın Gömleği
560,http://recel-blog.com/dunya-bugunun-saskin-erkeklerinden-o-kadar-uzakta-donuyor-olabilir-mi/,"Dünya, Bugünün Şaşkın Erkeklerinden O Kadar Uzakta Dönüyor Olabilir mi?"
561,http://recel-blog.com/dunya-cok-uzucu-bir-yerdi-1/,Dünya Çok Üzücü Bir Yerdi*
562,http://recel-blog.com/katilin-annesi-olmak/,Katilin Annesi Olmak
563,http://recel-blog.com/cigerim-bile-yandi-anne/,Ciğerim Bile “Yandı” Anne!
564,http://recel-blog.com/kadinlarin-kilici/,Kadınların Kılıcı
565,http://recel-blog.com/ozgecan-icin-giyabi-cenaze-namazina-cagri/,Özgecan İçin Gıyabi Cenaze Namazına Çağrı
566,http://recel-blog.com/ozgecanicinadalet/,#ÖzgecanİçinAdalet
567,http://recel-blog.com/denizlide-bir-kadin-bu-defa-olmedi/,Denizli’de Bir Kadın Bu Defa Ölmedi!…
568,http://recel-blog.com/recelden-basitlestirilmis-liyakat-testi/,Reçel’den Basitleştirilmiş Liyakat Testi
569,http://recel-blog.com/her-yer-altin-gunu-her-yer-direnis/,Her Yer Altın Günü Her Yer Direniş
570,http://recel-blog.com/ayy-bana-hanfendi-dedi/,Ayy Bana Hanfendi Dedi
571,http://recel-blog.com/bazen-olu-taklidi-yaparsin/,Bazen Ölü Taklidi Yaparsın!
572,http://recel-blog.com/erkeklerden-taciz-hikayeleri/,Erkeklerden Taciz Hikayeleri
573,http://recel-blog.com/bir-kizi-kirk-kisi-ister-mi/,Bir Kızı Kırk Kişi İster Mi?
574,http://recel-blog.com/ayar-cekme-uzerine-notlar/,Ayar Çekme Üzerine Notlar
575,http://recel-blog.com/kendini-yazdiran-yazi/,Kendini Yazdıran Yazı
576,http://recel-blog.com/la-bu-esra-erol-insanlari-size-ne-etti/,La Bu Esra Erol İnsanları Size Ne Etti?
577,http://recel-blog.com/varolusumun-problemi-neydi/,Varoluşumun Problemi Neydi?
578,http://recel-blog.com/guzel-turkcemizin-kanayan-yarasi-kari-tahakkumu-2/,Güzel Türkçemizin Kanayan Yarası: Karı Tahakkümü
579,http://recel-blog.com/recelden-bir-roportaj-daha/,Reçel’den Bir Röportaj Daha!
580,http://recel-blog.com/evlensem-de-soyadim-degisse/,Evlensem de Soyadım Değişse!
581,http://recel-blog.com/ogyetmenim-kiymizi-tuybanli-kiz-kuydun-midesinde-kalsaydi-da-heykes-rahat-etseydi/,"Öğyetmenim, Kıymızı Tüybanlı Kız Kuydun Midesinde Kalsaydı da Heykeş Rahat Etseydi"
582,http://recel-blog.com/bana-bir-masal-anlat-baba/,Bana Bir Masal Anlat Baba
583,http://recel-blog.com/anmaya-sembolik-basortulu-katilimi/,Anmaya Sembolik Başörtülü Katılımı
584,http://recel-blog.com/bir-buyume-hikayesi/,Bir Büyüme Hikayesi
585,http://recel-blog.com/recel-blog-editorleri-canli-yayinda-receli-anlattilar/,Reçel Blog Editörleri Canlı Yayında Reçel’i Anlattılar
586,http://recel-blog.com/altin-gunu-dayanismasina-karsi-nuri-alco-dayanismasi/,Altın Günü Dayanışmasına Karşı Nuri Alço Dayanışması!
587,http://recel-blog.com/gunah-sizin-neyinize/,Günah Sizin Neyinize
588,http://recel-blog.com/tonton-bir-babisko-olarak-devlet/,Tonton Bir Babişko Olarak Devlet
589,http://recel-blog.com/tramvaydan-toplumsal-cinsiyet-manzaralari/,Tramvaydan Toplumsal Cinsiyet Manzaraları
590,http://recel-blog.com/zorunda-miyim/,Zorunda mıyım?
591,http://recel-blog.com/recel-kimlik-aidiyet/,"Reçel, Kimlik, Aidiyet"
592,http://recel-blog.com/bir-ihtimal-daha-var-evlilik/,Bir İhtimal Daha Var: Evlilik
593,http://recel-blog.com/atanamayan-afrodit/,Atanamayan Afrodit
594,http://recel-blog.com/evimin-melegi-olacagim/,Evimin Meleği Olacağım
595,http://recel-blog.com/saglik-bakaninin-evine-temizlige-kim-gelir/,Sağlık Bakanı’nın Evine Temizliğe Kim Gelir?
596,http://recel-blog.com/recelin-yili-2014/,Reçel’in Yılı – 2014 (Video)
597,http://recel-blog.com/tavuk-bile-kumese-hemen-girmiyor/,Tavuk Bile Kümese Hemen Girmiyor
598,http://recel-blog.com/evlilikte-kariyer-yapmak/,Evlilikte Kariyer Yapmak
599,http://recel-blog.com/recelroportaj/,Reçel’den Röportaj Var!
600,http://recel-blog.com/kufur-kiyamet/,Küfür Kıyamet
601,http://recel-blog.com/evli-mutlu-cocuksuz/,"Evli, Mutlu, Çocuksuz"
602,http://recel-blog.com/kimsenin-celiskisi-degiliz/,Kimsenin Çelişkisi Değiliz
603,http://recel-blog.com/makbul-cinsellik/,Makbul Cinsellik
604,http://recel-blog.com/golgelerin-gucu-adina-vurun-kahpeye/,Gölgelerin Gücü Adına! Vurun Kahpeye!
605,http://recel-blog.com/afedersiniz-muzisyen/,Afedersiniz Müzisyen!
606,http://recel-blog.com/annelik-aslinda-o-kadar-da-kutsal-olmayabilir-mi/,Annelik Aslında O Kadar Da Kutsal Olmayabilir Mi?
607,http://recel-blog.com/tadi-hala-damagimda/,Tadı Hala Damağımda
608,http://recel-blog.com/kelebekler-ozgur-mu/,Kelebekler Özgür mü?
609,http://recel-blog.com/her-turlu-iktidar-budalalarina-diyeceklerim-var/,Her Türlü “İktidar” Budalalarına Diyeceklerim Var!
610,http://recel-blog.com/adamim-buyuksun-siirine-gelen-yorumlara-cevap-2/,“Adamım Büyüksün” Şiirine Gelen Yorumlara Cevap
611,http://recel-blog.com/kendimi-tartismaya-mi-acayim-2/,Kendimi Tartışmaya mı Açayım?
612,http://recel-blog.com/adamim-buyuksun/,Adamım Büyüksün
613,http://recel-blog.com/cam-tavan/,Cam Tavan
614,http://recel-blog.com/liberte-egalite-fitraterinte/,"Liberté, Égalité, Fıtraternité"
615,http://recel-blog.com/qahera-olmak-istemek/,Qahera Olmak İstemek
616,http://recel-blog.com/bir-iktidar-cabasi-olarak-ben-de-feminigim/,Bir İktidar Çabası Olarak “Ben de Feminiğim”
617,http://recel-blog.com/eksik-ol-pasam/,Eksik Ol Paşam
618,http://recel-blog.com/yeni-baslayanlar-icin-ideal-annelik/,Yeni Başlayanlar İçin İdeal Annelik
619,http://recel-blog.com/medya-tacizine-karsi-turbanli-yazi/,Medya Tacizine Karşı:  TÜRBANLI YAZI
620,http://recel-blog.com/ortagim-misin-pust-desem/,Ortağım mısın Puşt Desem?
621,http://recel-blog.com/bicak-kemige-dayandi-sehir-ve-29-mayis-ogrencileri-tacizlere-karsi-yuruyecek/,“Bıçak kemiğe dayandı”:  Şehir ve 29 Mayıs öğrencileri tacizlere karşı yürüyecek
622,http://recel-blog.com/evli-okullu-cocuklu/,"Evli, Okullu, Çocuklu"
623,http://recel-blog.com/sister-rosetta-tharpe/,Sister Rosetta Tharpe
624,http://recel-blog.com/ogullar-ve-mallar/,Oğullar ve Mallar
625,http://recel-blog.com/sufle-bebek/,Sufle Bebek
626,http://recel-blog.com/yetiskinlik-ne-zaman/,"Yetişkinlik, Ne Zaman?"
627,http://recel-blog.com/emege-ve-itibara-dair/,Emeğe ve İtibara Dair
628,http://recel-blog.com/bayrak-midir-basortusu/,Bayrak mıdır Başörtüsü?
629,http://recel-blog.com/cok-sekulerim-keske-olsem/,"Çok Sekülerim, Keşke Ölsem!"
630,http://recel-blog.com/hangi-cocuklarin-neye-imrenmesi-ideolojik-savastir/,Hangi Çocukların Neye İmrenmesi İdeolojik Savaştır?
631,http://recel-blog.com/sinir-ihlali/,Sınır  İhlali
632,http://recel-blog.com/basortulu-kadin-yazarin-soyledikleri-ve-dahi-soyleyemedikleri-uzerine-bir-tartisma/,Başörtülü Kadın Yazarın Söyledikleri ve Dahi Söyleyemedikleri Üzerine Bir Tartışma
633,http://recel-blog.com/arap-dunyasinda-kadin-muzisyenlik/,Arap Dünyasında Kadın Müzisyenlik
634,http://recel-blog.com/zugurt-aganin-cizmeleri/,Züğürt Ağanın Çizmeleri
635,http://recel-blog.com/recel-bloga-hediye-mubarek-kadinlar/,Reçel Blog’a Hediye: Mübarek Kadınlar
636,http://recel-blog.com/evlilik-mulk-edinme-ya-da-sahip-degistirme/,Evlilik: Mülk Edinme ya da Sahip Değiştirme
637,http://recel-blog.com/ben-hayata-hayat-demem-kahvaltida-recel-olmayinca/,Ben Hayata Hayat Demem Kahvaltıda Reçel Olmayınca
638,http://recel-blog.com/hayattaki-tek-amacim-neden-agliyor/,Hayattaki Tek Amacım: “Neden Ağlıyor?”
639,http://recel-blog.com/kimin-ozgur-iradesi/,Kimin Özgür İradesi?
640,http://recel-blog.com/kadin-bayram-adab/,"Kadın, Bayram, Adab"
641,http://recel-blog.com/recel-blog-iyi-bayramlar-diler/,Reçel Blog iyi bayramlar diler.
642,http://recel-blog.com/bir-acayip-tecrube-koli-kutusu-ve-beyin-buyuklugu-arasinda-korelasyon/,Bir Acayip Tecrübe: Koli Kutusu ve Beyin Büyüklüğü Arasında Korelasyon
643,http://recel-blog.com/conta-degistiremeyen-musluman-erkekler/,Conta Değiştiremeyen Müslüman Erkekler
644,http://recel-blog.com/bir-fotograf-cekilebilir-miyiz/,Bir Fotoğraf Çekilebilir miyiz?
645,http://recel-blog.com/kredi-kartsiz-nasil-yasanilir/,Kredi Kartsız Nasıl Yaşanır?
646,http://recel-blog.com/kahkaha-meselesi-uzerine/,Kahkaha Meselesi Üzerine
647,http://recel-blog.com/cekilin-ben-erkegim/,"Çekilin, Ben Erkeğim!"
648,http://recel-blog.com/haftanin-sitesi-recel-blog/,Haftanın Sitesi: Reçel Blog
649,http://recel-blog.com/ayaklari-ustunde-durmama-hakki/,“Ayakları Üstünde Durmama” Hakkı
650,http://recel-blog.com/kiz-kurularinin-direnisi/,Kız Kurularının Direnişi
651,http://recel-blog.com/ona-minik-deterjan-kopukleri-yapin/,Ona Minik Deterjan Köpükleri Yapın
652,http://recel-blog.com/kisa-hazirlik-cagrisi-farkli-kadinliklar-farkli-hazirliklar/,"Kışa Hazırlık Çağrısı:  Farklı Kadınlıklar, Farklı Hazırlıklar"
653,http://recel-blog.com/recel-yanigi/,Reçel Yanığı
654,http://recel-blog.com/recel-okurlari-gozlerimizi-yasartiyor/,Reçel Okurları Gözlerimizi Yaşartıyor!
655,http://recel-blog.com/bir-musluman-veet-reklaminda-ne-gorur/,Bir Müslüman Veet Reklamında Ne Görür?
656,http://recel-blog.com/ablalara-selam-direnise-devam/,"Ablalara Selam, Direnişe Devam! (VİDEO)"
657,http://recel-blog.com/sekerin-olcusu/,Şekerin Ölçüsü
658,http://recel-blog.com/neden-recel/,Neden Reçel?
659,http://recel-blog.com/recellerle-aramda/,Reçellerle Aramda
660,http://recel-blog.com/recel-nasil-yapilir/,Yeni Başlayanlar için “Reçel Nasıl Yapılır?”
661,http://recel-blog.com/recel-mi-yazmak/,Reçel mi Yazmak?
662,http://recel-blog.com/recele-hos-geldiniz/,REÇEL’e Hoş Geldiniz!
663,http://recel-blog.com/cok-bilinmeyenli-denklem/,Çok Bilinmeyenli Denklem
